region,ventas_total,ingreso_neto,ticket_promedio
Occidente,25,22339.903,893.5961199999999
Sur,26,18316.788,704.4918461538462
Centro,22,17412.0985,791.4590227272728
Norte,21,14329.1285,682.3394523809524
Sin region,6,4217.6335,702.9389166666666
